INSERT INTO Miembro (miembro_id, nombre, numero_miembro, correo_electronico, telefono, tipo, legajo, libreta_universitaria, dias_sancion) VALUES (1, 'Milton Delgado', 100, 'poo2023biblioteca@gmail.com', 38842536, 'alumno', null, 'APU0001', 0), (2, 'Ana González', 101, 'theaxeblue@gmail.com', 38765432, 'alumno', null, 'APU0002', 0), (3, 'Carlos Rodríguez', 102, 'carlos.rodriguez@gmail.com', 39876543, 'alumno', null, 'APU0003', 0), (4, 'Laura Pérez', 103, 'laura.perez@gmail.com', 38765432, 'alumno', null, 'APU0004', 0), (5, 'Fernando Gómez', 104, 'fernando.gomez@gmail.com', 39876543, 'alumno', null, 'APU0005', 0), (6, 'Gabriela Torres', 105, 'gabriela.torres@gmail.com', 38765432, 'alumno', null, 'APU0006', 0), (7, 'Lucas Sánchez', 106, 'lucas.sanchez@gmail.com', 39876543, 'alumno', null, 'APU0007', 0), (8, 'María López', 107, 'maria.lopez@gmail.com', 38765432, 'alumno', null, 'APU0008', 0), (9, 'Martín Martínez', 108, 'martin.martinez@gmail.com', 39876543, 'alumno', null, 'APU0009', 0), (10, 'Valeria Castro', 109, 'valeria.castro@gmail.com', 38765432, 'alumno', null, 'APU0010', 0), (11, 'Luisa Fernández', 110, 'luisa.fernandez@gmail.com', 39876543, 'docente', 1000, null, 0), (12, 'Juan Herrera', 111, 'juan.herrera@gmail.com', 38765432, 'docente', 1001, null, 0), (13, 'Patricia Ramírez', 112, 'patricia.ramirez@gmail.com', 39876543, 'docente', 1002, null, 0), (14, 'Eduardo Díaz', 113, 'eduardo.diaz@gmail.com', 38765432, 'docente', 1003, null, 0), (15, 'Camila Ruiz', 114, 'camila.ruiz@gmail.com', 39876543, 'docente', 1004, null, 0), (16, 'Raúl González', 115, 'raul.gonzalez@gmail.com', 38765432, 'docente', 1005, null, 0), (17, 'Silvia Pereyra', 116, 'silvia.pereyra@gmail.com', 39876543, 'docente', 1006, null, 0), (18, 'Ricardo Castro', 117, 'ricardo.castro@gmail.com', 38765432, 'docente', 1007, null, 0), (19, 'Agustina Sosa', 118, 'agustina.sosa@gmail.com', 39876543, 'docente', 1008, null, 0), (20, 'Nicolás Méndez', 119, 'nicolas.mendez@gmail.com', 38765432, 'docente', 1009, null, 0);
INSERT INTO Libro (libro_id, titulo, autor, isbn, numero_inventario, estado) VALUES (1, 'Las Aventuras Matemáticas', 'Lujan Carrión', 100, 1000, 'Disponible'), (2, 'Viaje al Centro de la Tierra', 'Julio Verne', 101, 1001, 'Disponible'), (3, 'Cien Años de Soledad', 'Gabriel García Márquez', 102, 1002, 'Disponible'), (4, 'El Señor de los Anillos', 'J.R.R. Tolkien', 103, 1003, 'Disponible'), (5, '1984', 'George Orwell', 104, 1004, 'Disponible'), (6, 'Orgullo y Prejuicio', 'Jane Austen', 105, 1005, 'Disponible'), (7, 'Don Quijote de la Mancha', 'Miguel de Cervantes', 106, 1006, 'Disponible'), (8, 'Crimen y Castigo', 'Fyodor Dostoevsky', 107, 1007, 'Disponible'), (9, 'Matar a un Ruiseñor', 'Harper Lee', 108, 1008, 'Disponible'), (10, 'El Gran Gatsby', 'F. Scott Fitzgerald', 109, 1009, 'Disponible'), (11, 'Harry Potter y la Piedra Filosofal', 'J.K. Rowling', 110, 1010, 'Prestado'), (12, 'Cazadores de Sombras', 'Cassandra Clare', 111, 1011, 'Prestado'), (13, 'Crónica de una Muerte Anunciada', 'Gabriel García Márquez', 112, 1012, 'Prestado'), (14, 'El Hobbit', 'J.R.R. Tolkien', 113, 1013, 'Prestado'), (15, 'Mujer en Punto Cero', 'Nawal El Saadawi', 114, 1014, 'Prestado'), (16, 'El Código Da Vinci', 'Dan Brown', 115, 1015, 'Prestado'), (17, 'To Kill a Mockingbird', 'Harper Lee', 116, 1016, 'Prestado'), (18, 'The Catcher in the Rye', 'J.D. Salinger', 117, 1017, 'Prestado'), (19, 'The Great Gatsby', 'F. Scott Fitzgerald', 118, 1018, 'Prestado'), (20, 'The Lord of the Rings', 'J.R.R. Tolkien', 119, 1019, 'Prestado');
INSERT INTO Prestamo (prestamo_id, miembro_id, libro_id, fecha_prestamo, fecha_devolucion, estado) VALUES (1, 1, 14, '2023-11-11', '2024-01-01', 'En Prestamo'), (2, 1, 20, '2023-11-16', '2024-01-06', 'En Prestamo'), (3, 2, 11, '2023-11-20', '2024-01-10', 'En Prestamo'), (4, 3, 12, '2023-11-25', '2024-01-15', 'En Prestamo'), (5, 4, 13, '2023-12-01', '2024-01-20', 'En Prestamo'), (6, 5, 15, '2023-12-05', '2024-01-25', 'En Prestamo'), (7, 11, 16, '2023-12-10', '2024-01-30', 'En Prestamo'), (8, 12, 17, '2023-12-15', '2024-02-05', 'En Prestamo'), (9, 13, 18, '2023-11-20', '2023-11-23', 'En Prestamo'), (10, 14, 19, '2023-11-1', '2023-11-15', 'En Prestamo');
-- INSERT INTO Devolucion (devolucion_id, prestamo_id, devolucion_efectuada) VALUES (1, 1, '2023-12-8');